url,text,posted_at,total_reactions
https://www.linkedin.com/posts/ramzyibrahim_the-killer-tried-and-tested-tool-ive-developed-activity-7218842368991490048-ptHK?utm_source=social_share_send&utm_medium=member_desktop_web&rcm=ACoAAFuChn8BZSe--ZFTk-FlxhrHCt_ei--VXrA,"The killer, tried and tested tool Iâ€™ve developed to build and optimise:

5,000+ Google Ads Search and Shopping campaigns.

If youâ€™re looking for a proven way to generate $$, this is your new secret weapon.

Today you get full access to my custom proprietary tool:

âœ… Forecasted campaign performance
âœ… Calculations on a keyword level
âœ… 100% bespoke to your brand

If you want a copy, simply:

â¡ï¸ Like the post
â¡ï¸ Connect with me
â¡ï¸ Comment â€œGrowthâ€

Once youâ€™ve done so, Iâ€™ll DM it to you!

P.S. If you want priority access, repost this â™»ï¸",2024-07-23 01:59:05,552
https://www.linkedin.com/posts/sean-goldfaden_i-flew-to-portugal-for-a-single-meeting-activity-7318638575636398081-LIAO?utm_source=social_share_send&utm_medium=member_desktop_web&rcm=ACoAAFuChn8BZSe--ZFTk-FlxhrHCt_ei--VXrA,"I flew to Portugal for a single meeting.

1 lunch with Kelly Perdew (Hereâ€™s why I did itğŸ‘‡ğŸ»)

Many people asked why I couldnâ€™t just have the meeting over zoom.  

And the answer is simple.

Getting out of the building is where the magic happens. 

Not tucked away behind your laptop.

Not sent from behind a tweet.

But face to face.

When we wrapped lunch â€” I gave Kelly a giant hug. 

He didnâ€™t ask for it (ğŸ˜‚) 

But damn it felt good to make it all the way here.

You canâ€™t always control everything in your business â€” the tariffs, the AI, the economy â€” but you sure as hell can care the most.

You can get on that flight.

Book that hotel room.

Hop in that cab!

Jesse Itzler always talks about â€œmake your own luck â€” and â€” â€œcontrol the controllablesâ€.

Well, I made my own luck.

I made it happen.

And now we have a memory for a lifetime. 

No matter what happens with CoEfficient Labs.

Iâ€™ll always remember the time I flew to Portugal for a single lunch meeting!

If you want it, go get it! 

â¤ï¸",2025-04-17 16:16:50,175
https://www.linkedin.com/posts/sean-goldfaden_upfrontsummit-upfrontsummit2025-upfrontsummit-activity-7301400059475083264-uZde?utm_source=social_share_send&utm_medium=member_desktop_web&rcm=ACoAAFuChn8BZSe--ZFTk-FlxhrHCt_ei--VXrA,"After 9 years - my dream finally came true.

Back in 2016, Iâ€™d walk past Upfront Ventures every morning.

I would say to my teammate Joelâ€¦

â€œDude! How incredible would it be to work with Mark Suster someday!?â€

Year after year would go byâ€¦

and one dayâ€¦

I had the opportunity to meet the one-and-only Kerry Bennett!

We had coffee at a hole-in-the-wall spot outside on the patio - and I immediately knew we clicked.

Our personalities are quite different (certainly our reading taste) - but our love for startups, marketing, and helping founders succeed was almost identical.

Kerry has been a steady beat to the drum of the CoEfficient Labs journey.

In 2020 (weeks before lockdown during COVID) - Kerry gave us a chance to help out with the #UpfrontSummit video.

To this day that project is still one of my favorite memories at CoEfficient Labs - a story for another day.

But fast forward to last night at #UpfrontSummit2025â€¦

My 2016-self would be absolutely freaking out!

Kerry & Mark (and the entire squad behind the LA Tech Community Cares Fund) wanted to find a way to drive more donations for the victims of the LA Wildfires in January.

With the help of dozens of startups & venture capitalists - CoEfficient Labs helped create a fundraising video that raised over $130,000 over the last 2 days!

It was so cool to play a small part in such a big success for the community.

But hearing Mark Suster & Kerry Bennett give CoEfficient Labs a LIVE shoutout in front of the ENTIRE #UpfrontSummit was a moment Iâ€™ll NEVER forget.

In fact â€” I called my mom right after!

â€Mom! Youâ€™re never going to believe what just happened!â€

It was so cool.

Huge thank you to the entire Upfront Ventures team for trusting us (and for throwing one of the best events of the year).

I really love you guys!

The Lesson:

Put your dreams out there to the world.

Then go out there and make it happen! ğŸ”¥

Special shoutout to Eric Manlunas for the premonition! ğŸ¤£

BIG shout out to everyone that participated in the video ğŸ‘‡ğŸ»

Dustin Rosen, Ian Cinnamon, Jesse Draper, Joshua Roth, Minnie Ingersoll, Mark Mullen, Richard Raddon, Adam Miller, Anna Barber, Austin Clements, Hamet Watt, & Michael Montgomery",2025-03-01 01:37:07,152
https://www.linkedin.com/posts/sean-goldfaden_venturecapital-founders-startups-activity-7330268553973039104-rMvL?utm_source=social_share_send&utm_medium=member_desktop_web&rcm=ACoAAFuChn8BZSe--ZFTk-FlxhrHCt_ei--VXrA,"VC FRIENDS -- Want to raise from LPs? 
You need to hear what Minnie Ingersoll shared ğŸ‘‡ğŸ»

The rise of LP sharing was just one of many hot topics we covered in the latest episode:

-  How Minnie built her brand without a single blog post
-  What separates great founders from the rest
-  The unexpected advantage younger VCs have 
-  Why ""being in the room where it happens"" is Minnieâ€™s personal career philosophy

If you're an aspiring investor, fund manager, or founder navigating today's market -- donâ€™t miss this one!!

â†’ Check the comments to get the link!

Big thanks to TenOneTen Ventures and Minnie Ingersoll!

#venturecapital #founders #startups #fundraising #LPsharing #VCinsights #DemoDayPodcast #coefficientlabs #earlystageinvesting #tenonetenventures",2025-05-19 18:30:13,79
https://www.linkedin.com/posts/sean-goldfaden_latechweek-demodays-firesidechats-activity-7089706446090575872--d4X?utm_source=social_share_send&utm_medium=member_desktop_web&rcm=ACoAAFuChn8BZSe--ZFTk-FlxhrHCt_ei--VXrA,"Top #LATechWeek After-Hours Party (goes to ğŸ¥)...

âš¡ï¸Crosscut Venturesâš¡ï¸

If you're in the LA / SF Startup Scene, you know Crosscut Ventures.

Brian Garrett, Rick Smith, Brett Brewer, and the whole Crosscut Team absolutely threw down and it was such a blast!

What a legendary view of the Pacific Ocean ğŸŒŠ

#DemoDays, #FiresideChats, and #Panels are greatâ€¦but sometimes, you just gotta let loose with great friends!

I ran into Jim Andelman from Bonfire Ventures ğŸ”¥, Laurent Grill from JLL Spark, Eric Pakravan from TenOneTen Ventures, Matt Kozlov from Techstars, Peter Pham from Science.

Special thanks to Allie Dolido, Kiyan Yazdi, Masha Olson, and Felipe Alvarez Llano ğŸš€ you guys are the best. â¤ï¸ 

And of course the most appreciation to Brett Brewer for hosting us at your beautiful home!

Thanks everyone for tuning in!

I'm Sean Goldfaden.

And this...

is

#LATECHWEEK!

âœŒ",2023-07-25 22:42:17,39
https://www.linkedin.com/posts/sean-goldfaden_vc-founder-activity-7039717424425771009-ih2u?utm_source=social_share_send&utm_medium=member_desktop_web&rcm=ACoAAFuChn8BZSe--ZFTk-FlxhrHCt_ei--VXrA,"Milestone Update: We launched Video Bundles in December.

Today, we hit our first 100 Customers. ğŸš€

It took me over 6 years to get our first Hundred Paid Acquisition Clients for CoEfficient Labs. 

It took us 10 weeks to get our 2nd Hundred for the Bundle.

I've never worked so hard for anything in my life.

And I could not have done it without my amazing team.

Jen Goldfaden, Stuart Goldfaden, Franco Patino, Joel DeVries, Simon (Siyu) Zhu, Josh Bess, Jill Makin, Jose Rivera, ğŸ› ï¸Rodrigo Bruce Galvez & everyone else on the squad that's been involved.  

I will never forget the dedication, loyalty, and grit...especially these last 4-months.

As the economy got tougher...

We dug our heels in, innovated, worked together as a team, and created ""our own luck"" as Jesse Itzler says. 

I couldn't be more appreciative.

Thank you for helping to make this happen.

Now the goal of 1,000 starts.

Let's get it!

Special shout out to my mentors and #VC & #Founder Friends who helped give us the boost we desperately needed in the very beginning.

0 --> 1!

Mark Mullen Eva Ho William Hsu Matthew Murphy Todd Emaus Eric Manlunas Brian Lee Brian Garrett Rick Smith Allie Dolido Paul Bricault Britt Danneman Kelechi Nwadibia Laurent Grill Eric Netsch Jiake Liu Kerry Bennett Deb Goldstein Anna Barber Mark Linao Ben Smith Luke Armour Mark Suster Patrick Lahue Brendan Rogers Betsy Riley Sara Schonfeld Tyler Norwood",2023-03-09 23:03:45,35
https://www.linkedin.com/posts/sean-goldfaden_latechweek-latechweek-activity-7082476563115507713-Iw0s?utm_source=social_share_send&utm_medium=member_desktop_web&rcm=ACoAAFuChn8BZSe--ZFTk-FlxhrHCt_ei--VXrA,"Top #LATechWeek Demo Day (goes to ğŸ¥)...

Andreessen Horowitz x Stonks  ğŸ‘¾ğŸ‘¾

This Demo Day Competition was for the Future of Gaming and being hosted at Google's HQ in Venice.

The judge panel was insane:

ğŸ’µ  Andrew Chen @ Andreessen Horowitz
ğŸ’µ  Alex Angeledes @ Google
ğŸ’µ  Lee Rawles @ Google
ğŸ’µ  Howard T. @ Xoogler.co

And the startups presenting were fantastic (check them out!)

ğŸ®  Evan Ryer - BRAVO READY
ğŸ®  Daniel Olmedo Nieto - N'ware Technologies
ğŸ®  Manuela Seve - Alphaa.io
ğŸ®  Liam Broza - Ethereal Engine

...to name a few.

Special shout out to my main man John Hancock ğŸš€ who always brings down the house -- he's the best, connect with him.

And of course Alexandra Dumas and the whole Google Team for putting on such a great event at an amazing venue.

Thanks everyone for tuning in!

I'm Sean Goldfaden.

And this...

is

#LATECHWEEK!",2023-07-05 23:53:18,32
https://www.linkedin.com/posts/sean-goldfaden_latechweek-vc-founders-activity-7080295886672588800-X5cl?utm_source=social_share_send&utm_medium=member_desktop_web&rcm=ACoAAFuChn8BZSe--ZFTk-FlxhrHCt_ei--VXrA,"The TopÂ #LATechWeekÂ Rooftop Event! (goes to ğŸ¥)

Amplify.LA x Fika Ventures x MaC Venture Capital x Bling Capital

This was so much fun ğŸš€

Hosted on the Rooftop of Hotel Erwin under the beautiful Venice Beach sun.

#VC's & #Founders from the earliest stages were gathered to enjoy some time away from the Panels & Workshops being held across town at other #TechWeek events.

This was all about good vibes.

And great food!   

And we have to give the biggest Thank You to everyone who made this event happen!  Many of whom are Demo Day guests! â¤ï¸

âš¡ï¸Â Paul BricaultÂ (Amplify.LA)
âš¡ï¸Â Katie DeanÂ |Â (Amplify.LA)
âš¡ï¸Â Eva HoÂ |Â (Fika Ventures)
âš¡ï¸Â TX Zhuo | (Fika Ventures)
âš¡ï¸Â Marlon C. NicholsÂ |Â (MaC Venture Capital)
âš¡ï¸ Benjamin Ling | (Bling Capital)
âš¡ï¸ Kyle Lui | (Bling Capital)

Event #2 in the books!!

I'mÂ Sean Goldfaden.

And this...

IsÂ #LATechWeek!

*Stay tuned for theÂ Stonks x Andreessen Horowitz #GenerativeAI Demo Day tomorrow!",2023-06-29 23:28:04,29
https://www.linkedin.com/posts/sean-goldfaden_affiliatesummit-activity-7293385577565982722-OLQC?utm_source=social_share_send&utm_medium=member_desktop_web&rcm=ACoAAFuChn8BZSe--ZFTk-FlxhrHCt_ei--VXrA,"My 2 BIGGEST takeaways from #AffiliateSummit â¤µï¸

1. Reaffirming what I already knew
- Work hard
- Wake up early
- Do things that make you uncomfortable

2. ""The New""
- You're always a student
- Surround yourself w/ ppl who are where you want to be
- ""Build your roots"" - Ezra Firestone

Affiliate Summit West was a blast!

ğŸ¥‚ Here's to all the great people we met:

Gabriel Padva - Taylor Weibert - Kyle Standaert - Adam Taff - Aaron Spivak - Casey McNulty - Christian Liu - Lu Olmstead - Nele Sharp - Iron Sungchul Shin - Brandon Melton, LC - Kaylee N. - Rowan J. - Will (Vilius) Nauseda - Neha Revankar - Andrej Ruckij - Pedro Sostre III - Ben Kruger - Martina Mitchell - William Schubert - David Katz - Daniel DeSilva - Jordan Pellikan - Nathan Sherman - EstevÃ£o Rui Calheirana - Briana Rowe - Beth Chapman",2025-02-06 22:50:26,28
https://www.linkedin.com/posts/sean-goldfaden_latechweek-activity-7269394911966191618-eeAE?utm_source=social_share_send&utm_medium=member_desktop_web&rcm=ACoAAFuChn8BZSe--ZFTk-FlxhrHCt_ei--VXrA,"ğŸ’¡ ""The person you need to meet may be right beside you.""

At #LATechWeek, we asked founders and VCs:

Whatâ€™s your #1 advice for new entrepreneurs?

Their answers all came back to one thing: networking.

Hereâ€™s what they shared:

â†’ ""Face-to-face connections build deeper relationships.""
â†’ ""Trust is the foundation of great partnerships.""
â†’ ""Networking opens doors you didnâ€™t know existed.â€

But networking can feel intimidating.

If youâ€™re nervous or introverted, hereâ€™s a tip:

ğŸ’¡""Start with something personal.

A simple question, even about the event, can open doors.""

Networking isnâ€™t just about contacts.

Itâ€™s about building a community.

So next time youâ€™re at an event, remember:

The resource you need might be the person right beside you.

ğŸ¥ Watch the full video below to hear from the pros.

ğŸ¤”Â Whatâ€™s the most impactful connection youâ€™ve made through networking?",2024-12-02 18:00:05,27
https://www.linkedin.com/posts/jeff-bocan-7aba5_how-to-pick-the-right-investor-with-jeff-activity-7325586377272676352-7Edb?utm_source=social_share_send&utm_medium=member_desktop_web&rcm=ACoAAFuChn8BZSe--ZFTk-FlxhrHCt_ei--VXrA,"ğŸ’¥ Podcast Alert! ğŸ’¥ I recently got to catch up with Sean Goldfaden and the crew at CoEfficient Labs up in Santa Monica and we recorded part of our conversation for their Demo Day podcast.  We had a fun chat covering VC war stories, some tips for founders on raising ğŸ’° and choosing good partners and the deep value of a positive attitude ğŸ¤© .  

You can check out the video version of the podcast at YouTube, here at LinkedIn or audio versions on Spotify & Apple podcasts.

https://lnkd.in/gFmRp7fE

https://lnkd.in/gGBe4jYc

https://lnkd.in/g5xJyBNW

https://lnkd.in/gEwpGDaq

Okapi Venture Capital",2025-05-06 21:56:21,27
https://www.linkedin.com/posts/sean-goldfaden_startups-venturecapital-founderadvice-activity-7317577457316896769-aVvT?utm_source=social_share_send&utm_medium=member_desktop_web&rcm=ACoAAFuChn8BZSe--ZFTk-FlxhrHCt_ei--VXrA,"The 1 quality VCs are looking for in founders:

â€repeat exceptionalismâ€

As Marlon C. Nichols (Managing General Partner at MaC Venture Capital) puts it:

â€Youâ€™ve been outstanding at many things, several times throughout your lifeâ€

And it doesnâ€™t have to be business related.

It could be:
- surviving tough circumstances
- providing for others
- finding a way to win - again and again

ğŸ§ Full episode with Marlon Nichols is now live:

Watch: https://lnkd.in/g2pNqdfd

Spotify: https://lnkd.in/gMmh-yHJ

Apple: https://lnkd.in/gJbcpt3S

#startups #venturecapital #founderadvice #entrepreneur #investment",2025-04-14 18:00:19,26
https://www.linkedin.com/posts/sean-goldfaden_startups-leadership-activity-7022324451371343872-J9vH?utm_source=social_share_send&utm_medium=member_desktop_web&rcm=ACoAAFuChn8BZSe--ZFTk-FlxhrHCt_ei--VXrA,"Do you ever read a book you love so much that you end up buying 10 copies?? 

Scale Without Losing Your Soul is one of those books! 

You could read it in just a day or two and itâ€™s packed with actionable ideas and visuals to help take your business to the next level. 

Putting the link to purchase in my comments.

Written by Todd Emaus and his writing partner Simon Dâ€™Arcy.

Go buy it ğŸ‘‰ğŸ» just came out this week! 

#startups #leadership",2023-01-20 23:10:17,25
https://www.linkedin.com/posts/sean-goldfaden_vc-startup-friends-i-am-hiring-my-first-activity-7262579247582466048-p-Kf?utm_source=social_share_send&utm_medium=member_desktop_web&rcm=ACoAAFuChn8BZSe--ZFTk-FlxhrHCt_ei--VXrA,"ğŸ“¢ VC & Startup friends:
I am hiring my first Exec Assistant!
Can you tag a colleague / friend you'd recommend? 

If you 'LIKE' this post -- I'll reach out for an intro.

Or leave a comment -- 'I got a person'

Ya know, somethin' cheeky ğŸ‘†ğŸ»ğŸ¤¦ğŸ»â€â™‚ï¸

If you've known me, or have been apart of the journey at CoEfficient Labs, I really can't thank you enough for recommending people that you care about and trust.  

We're doing BIG THINGS in 2025.

I can't wait to bring you along the ride.

Love you all! â¤ï¸",2024-11-13 22:37:04,24
https://www.linkedin.com/posts/sean-goldfaden_subsummit-subsummit-contentstrategy-activity-7331718118395838467-i_aX?utm_source=social_share_send&utm_medium=member_desktop_web&rcm=ACoAAFuChn8BZSe--ZFTk-FlxhrHCt_ei--VXrA,"The CoEfficient Labs team is heading to Dallas!

On May 28â€“30, we will be hitting the ground at #SubSummit 2025 â€” not just as attendees, but as an official social video team for the conference.

Iâ€™ll be rolling with:

ğŸ“¹ Joel DeVries â€“ our ace videographer (and my best friend)

ğŸ§  Ethan Harm â€“ our content strategist who built the entire content game plan

(Not pictured but deeply critical):

ğŸ¤ David Courtemarche â€“ my right-hand guy at conferences and the king of first impressions

ğŸ‘¨â€ğŸ’» Ryan Clancy â€“ our remote editor, grinding through the night so we can post daily content

Together, weâ€™ve spent the past few weeks building a content strategy that delivers real-time interviews, daily social clips, recap reels, and testimonial videos for both CoEfficient Labs and SubSummit.

ğŸ’¡ Weâ€™ve learned a lot from previous conferences:

- Post content ASAP after filming
- Selfies and thank you videos unlock real relationships
- Testimonial content is gold for event organizers
- And if you're gonna stand out... bring something rare (wait until you see our custom coins!!)

This trip isnâ€™t just about content. Itâ€™s about impact:

âœ… Weâ€™re aiming to meet 400 people
âœ… Drive 30 creative briefs
âœ… Win 6 new clients
âœ… And help SubSummit tell the story of their community

Weâ€™ve never been to SubSummit. Weâ€™ve never been to Dallas.

And weâ€™ve never been more ready.

Letâ€™s go!!

-Sean

#SubSummit #ContentStrategy #DTC #Conferences #VideoMarketing #CoEfficientLabs #SubSummit2025 #UGC",2025-05-23 18:30:16,22
https://www.linkedin.com/posts/sean-goldfaden_subsummit2025-activity-7333526874783920130-jjzY?utm_source=social_share_send&utm_medium=member_desktop_web&rcm=ACoAAFuChn8BZSe--ZFTk-FlxhrHCt_ei--VXrA,"Day 1 @ SubSummit!
Almost got arrested flying the drone at Top Golf ğŸ˜³

(well, maybe not arrestedâ€¦.but I could have been!)

Hereâ€™s what went down! ğŸš€ğŸ‘‡ğŸ»

Special shout out to our wonderful Interviewees!

-Christopher George @ SubSummit 
-Mallie Rust @ Favor Delivery
-Aaron Hodges @ Allpack Fulfillment and Assembly
-Anna Gorovoy @ Shaker & Spoon
-Makenzie Williams @ Navan 
-Morgan Hines @ Navan 
-Jeremy Foreshew @ Talkable
-Bevan Cline @ Payarc
-Chris Lee @ NTDTV New Tang Dynasty Television
-Daniel Japa @ Black Thai Labs
-Candace Marquette @ Heirloom Wild

Stay tuned for a new video posted later today!

#SubSummit2025

âœŒğŸ»",2025-05-28 18:17:37,22
https://www.linkedin.com/posts/sean-goldfaden_subsummit-subsummit2025-subscriptioneconomy-activity-7333994650879348736-S91q?utm_source=social_share_send&utm_medium=member_desktop_web&rcm=ACoAAFuChn8BZSe--ZFTk-FlxhrHCt_ei--VXrA,"Day 2 @ SubSummit â€” in the books!
And you wonâ€™t believe how it endedğŸ‘‡

First we saw some great panelists:
-Trovon C. Williams, MBA @ NAACP
-Julie Hansen @ Babbel
-Christopher George @ SubSummit
-Megan Krouse @ Cinemark
-Joe Rohrlich @ Recurly

Then we saw the Above The Fold Podcast LIVE: 
-Amazing Host - Jess Cervellon @ Open Late Collective
-Rockstar Guest - Ren Fuller-Wasserman @ TUSHY - hellotushy.com

Followed by one of the best dinners EVER!

Nik Sharma â€” youâ€™re the man! (thanks for having us)
Ian Myers ğŸŒŠ (Oceans) â€” appreciate you guys!
Michael Broukhim (FabFitFun) â€” great meeting you!

Wouldnâ€™t be a FULL day without the After Hours Party!

Chewonthis DTC â€” you guys crushed it!

Weâ€™re having a blast at #SubSummit!

Special thanks to our Day 2 interviewees!:
-Nikeytha Ramsey @ Junobie, LLC
-Zohaib Rattu â˜ƒï¸ @ Social Snowball â˜ƒï¸
-Thomas Lalas @ The Art of eComm
-Reed Corry @ Brevo
-Daniel Miyares @ KODIF
-Dr. Brandon Smith @ Vensure Employer Solutions
-David Valentine @ Finch
-Rachel Haley @ Finch
-Cameron Gawley @ Gardencup

DAY 3! WEâ€™RE COMING FOR YOU!

ğŸš€

#SubSummit2025 #SubscriptionEconomy #DTCMarketing #SAAS",2025-05-30 01:16:23,22
https://www.linkedin.com/posts/sean-goldfaden_subsummit2025-subsummit-conference-activity-7334264137276866562-cH_4?utm_source=social_share_send&utm_medium=member_desktop_web&rcm=ACoAAFuChn8BZSe--ZFTk-FlxhrHCt_ei--VXrA,"Attending conferences are a big investmentâ€¦
Time, money, energy â€” itâ€™s all costly.
Hereâ€™s whatâ€™s going down at #SubSummit2025 ğŸ‘‡ğŸ»

- The worldâ€™s best vendors for Subscription Brands
- The most cutting edge trends in AI
- Hearing great insights from speakers
- Weâ€™re all helping each other solve problems

Special shout out to our wonderful interviewees!
-Zohaib Rattu â˜ƒï¸ @ Social Snowball â˜ƒï¸
-Thomas Lalas @ The Art of eComm
-Brett Smith @ Google
-Cassandra Baas @ APC Postal Logistics

Stay tuned for more from the floor of SubSummit!

#SubSummit #Conference #Subscription #SubscriptionBrands #DTC #Marketing #Business",2025-05-30 19:07:14,22
https://www.linkedin.com/posts/sean-goldfaden_upfrontsummit2023-activity-7037209384938074112-_kcl?utm_source=social_share_send&utm_medium=member_desktop_web&rcm=ACoAAFuChn8BZSe--ZFTk-FlxhrHCt_ei--VXrA,"Best VC Event of the Year! 

#UpfrontSummit2023 âœ¨",2023-03-03 00:57:42,21
https://www.linkedin.com/posts/sean-goldfaden_be-obsessed-with-your-customer-at-activity-7271931642628177922-gxng?utm_source=social_share_send&utm_medium=member_desktop_web&rcm=ACoAAFuChn8BZSe--ZFTk-FlxhrHCt_ei--VXrA,"ğŸ’¡ ""Be obsessed with your customer.""

At LA Tech Week, we asked founders and VCs:

Whatâ€™s the secret to building a successful company?

Their answers came down to one thing:

Know your customer.

Hereâ€™s what they said:

â†’ ""Understand their fears and address them head-on.""
â†’ ""Being transparent builds trust and drives revenue.""
â†’ ""Use empathy to truly understand their needs.""

Itâ€™s not just about knowing who they are today.

Itâ€™s about what their needs will be tomorrow.

And if youâ€™re aiming to sell your company one day?

Start by solving the problems of your future buyers.

Then work backwards.

â™»ï¸Watch the video below & repost if you dig it.",2024-12-09 18:00:09,19
https://www.linkedin.com/posts/sean-goldfaden_coefficient-labs-is-heading-to-affiliate-activity-7291252716448755712-RGT1?utm_source=social_share_send&utm_medium=member_desktop_web&rcm=ACoAAFuChn8BZSe--ZFTk-FlxhrHCt_ei--VXrA,"ğŸš€ CoEfficient Labs is heading to Affiliate Summit West!

We're running with a 3 man crew:

David Courtemarche and I will be on the ground - meeting, networking, and fostering new connections.

Ethan Harm will be our eyes in the sky - creating content and interacting with attendees online.

This trip will be one for the books.

Are you attending? Let's meet up! ğŸ‘Š",2025-02-01 01:35:12,18
https://www.linkedin.com/posts/sean-goldfaden_demoday-laventure-activity-7309967258800242688-CdKW?utm_source=social_share_send&utm_medium=member_desktop_web&rcm=ACoAAFuChn8BZSe--ZFTk-FlxhrHCt_ei--VXrA,"#DemoDay is BACK!!!
The Podcast for VC's & Entrepreneurs!

New Look!
New Feel!
Same Host!

Ladies & gentlemen... 

if you're in #LAVenture you know him! ğŸ‘‡ğŸ»

ğŸ”¥Laurent Grill - General Partner @ JLL Spark. 

ğŸ‘€ ğŸ‘€

In our first episode back, we dig into:

- What founders actually need from investors in 2025
- The future of AI, disaster response, & Corporate Venture
- ...and a dive into the LA tech ecosystem

Watch the full episode on YouTube:
https://lnkd.in/gErWh_z7

Listen on Spotify:
https://lnkd.in/gMmh-yHJ?

Apple Podcasts:
https://lnkd.in/gJbcpt3S

Stay tuned - new episodes dropping biweekly (for now)!

WE ARE BACK BABY! 

'Like if you dig it' --> â™»ï¸ repost if you care!",2025-03-24 17:00:07,18
https://www.linkedin.com/posts/sean-goldfaden_techweek-latechweek-activity-7252827978290614273-I0m4?utm_source=social_share_send&utm_medium=member_desktop_web&rcm=ACoAAFuChn8BZSe--ZFTk-FlxhrHCt_ei--VXrA,"The CoEfficient Labs Mobile is LIVE @ #TECHWEEK!

What is the CoEfficient Labs Mobile you ask?

Well...let me tell you a story!

Since Year 1 of TechWeek -- our team has been running around the city to Spotlight as many events as we possibly can.  

We always try and capture ""The Vibe"" -- get shots of people enjoying themselves, sponsors and logos, we mic up the panelists and get cinema quality footage of every event we attend.  

Our goal is to Spotlight the best events for Tech Week for anyone that's not able to make it, AND for the people that did make it and want a fun piece of content to remember it by -- we got you covered!

One of the hardest aspects of covering Tech Week (and events in general) is editing the footage into a shareable piece of content.

There's just so much happening, and getting the footage back to our editing team to dissect can be one of the biggest time sucks.

So.....

This year -- we brought our editors with us!

Zubin Vidor (our fearless editing lead) offered to convert his Van into a real life editing studio with our other editor Ethan Harm.

The two of them have been putting in 10+ hour days, working out of their Van! 

As someone that loves startups, the hustle, and generally ""just going for it""... I could not possibly be more proud and thankful of these two.

We've had so many people ask if we were running a CIA operation outside the events, but in reality, we're just editing content and making shit happen.

To everyone that has stopped by for an interview, or said ""what's up"" to the CoEfficient Labs team -- we love you guys!

Stay tuned....we got lots more videos coming over the next week.

I'm Sean Goldfaden.

And THIS is #LATECHWEEK.",2024-10-18 01:49:01,18
https://www.linkedin.com/posts/sean-goldfaden_vc-founder-venturecapital-activity-7320114124145786882-tr53?utm_source=social_share_send&utm_medium=member_desktop_web&rcm=ACoAAFuChn8BZSe--ZFTk-FlxhrHCt_ei--VXrA,"Across ~100 investments at Fika Ventures.

Thereâ€™s only one trait of their top 1% founders.

Youâ€™ll never guess it ğŸ‘‡ğŸ»

-itâ€™s not being a repeat CEO

-has nothing to do with age

-and every #VC Iâ€™ve told this to. 100% agrees.

In our latest clip from Demo Day, TX Zhuo (Managing Partner at Fika Ventures) shares the surprising result of an internal study that reshaped how they evaluate founders.

That one trait ğŸ‘‰ğŸ» speed of responsiveness.

Is it possible to be a successful company without their founder (and team) being fast to respond?

Of course.

But when Fika ran the #â€™s (and they had dozens of signals to measure against)â€¦

This was the trait (and only pattern) they found amongst their top 1% investments.

And while this is certainly up for debateâ€¦

Think about your interactions in business with different people.

Some people take days, weeks, or even never respond.

They â€œthinkâ€ itâ€™s not that big of a deal.

Or maybe they donâ€™t think about it at all â€”

Theyâ€™re â€œso busyâ€, â€œso overwhelmed with keeping their company afloatâ€, or â€œso focusedâ€¦â€

Whatever the reason â€” VCâ€™s notice.

Customers notice.

Your Team notices.

I wish I didnâ€™t fall into this bucket.

But sometimes I do.

And when TX mentioned it â€” it was like a gut punch because intuitively â€” I get it!

When I send someone an email (especially a candidate Iâ€™m looking to hire) â€” the difference between someone that responds almost immediately or within minutes or an hour of me pinging them vs someone who responds after 2-3 days is palpable.

Itâ€™s rare that I think â€œohhh, this person doesnâ€™t care.â€

But when I get that fast response â€” I think â€œohh, this person DEFINITELY CARES!

So â€” this is your reminder â€” and my reminder â€” that responsiveness matters.

We may not think it matters.

But it does.

ğŸ‘Â â€œLIKEâ€ if you agree.

â™»ï¸Â â€REPOSTâ€ to remind a friend

ğŸ¤Â Comment if you disagree & post the trait you look for!

â¤ï¸

ğŸ§ Watch the full episode of Demo Day here:

Watch: https://lnkd.in/gEcmPSPf

Spotify: https://lnkd.in/gMmh-yHJ

Apple: https://lnkd.in/gJbcpt3S

#founder #venturecapital #startups #ceo #foundermindset",2025-04-21 18:00:08,18
https://www.linkedin.com/posts/sean-goldfaden_who-knew-being-a-vc-was-this-difficult-activity-7310692064063561728-bl5f?utm_source=social_share_send&utm_medium=member_desktop_web&rcm=ACoAAFuChn8BZSe--ZFTk-FlxhrHCt_ei--VXrA,"Who knew being a VC was this difficultâ€¦

The startup world celebrates founders who fail, learn, and come back stronger.

But for VCs?

You get one shot.

Lose your first fundâ€”and you're out.

To kick off the return of Demo Day, I sat down with Laurent Grill, General Partner at JLL Spark, to talk about the hidden pressures of venture capital, what it really takes to raise a fund, and the delicate art of guiding founders without overstepping.

Watch the full episode:
https://lnkd.in/gErWh_z7

Listen on Spotify:
https://lnkd.in/g6pDtCvG

Apple Podcasts:
https://lnkd.in/gDWedChs

'Like if you dig it' --> â™»ï¸ repost if you care!",2025-03-26 17:00:14,18
https://www.linkedin.com/posts/sean-goldfaden_subsummit-activity-7333925667551461380-qygl?utm_source=social_share_send&utm_medium=member_desktop_web&rcm=ACoAAFuChn8BZSe--ZFTk-FlxhrHCt_ei--VXrA,"If you could go back to the beginning of your careerâ€¦
What 1 piece of advice would you give yourself?

Thatâ€™s the question we asked founders & execs at #SubSummit.

We heard from: 
-Kelsey Moburg @ KODIF
-Tabetha Reed @ NPS Media Group
-Natalie Sorge @ NPS Media Group
-Jacob Martorano @ Checkout Champ

Hereâ€™s what a few of them said ğŸ‘‡ğŸ»

1. Go with your gut!
2. Keep up with AI!
3. Itâ€™s all about Relationships
4. Set up an MRR Model Early

Stay tuned for more from the floor of SubSummit!

â¤ï¸",2025-05-29 20:42:16,18
https://www.linkedin.com/posts/sean-goldfaden_content-activity-7037468222710849536-xFsJ?utm_source=social_share_send&utm_medium=member_desktop_web&rcm=ACoAAFuChn8BZSe--ZFTk-FlxhrHCt_ei--VXrA,"Just found this picture from 2.5-years ago. ğŸ¤£

#Content game strong! ğŸ’ªğŸ»

Thanks Jen Goldfaden for letting us film in our Kitchen throughout 2020! â¤ï¸",2023-03-03 18:06:14,17
https://www.linkedin.com/posts/sean-goldfaden_affiliatesummitwest-networking-conferences-activity-7298385971614560258-vrRR?utm_source=social_share_send&utm_medium=member_desktop_web&rcm=ACoAAFuChn8BZSe--ZFTk-FlxhrHCt_ei--VXrA,"3 Tips to Network Like a Pro â¤µï¸

Attending conferences can be overwhelming - but they donâ€™t have to be.

ğŸ§ Â Hereâ€™s how to break the ice and turn those handshakes into opportunities.

1. The Handshake Agreement
- If youâ€™re at a conference, youâ€™ve already agreed to network, whether you realize it or not.
- Itâ€™s like the first day of college: everyoneâ€™s out of their comfort zone. Be the one to start the conversation, and youâ€™ll be remembered.

2. The 24-Hour Rule
- Conferences move fast. If you donâ€™t follow up within 24 hours, you risk being forgotten.
- Strike while the conversation is fresh - send a DM, connect on LinkedIn, or a voice note to stay top of mind.

3. Stand Out from the Crowd
- Instead of sending a boring email afterwards, get creative with your follow-up. My trick is to record a personalized video. It takes seconds but makes a lasting impression.

CoEfficient Labs tested this approach at #AffiliateSummitWest - and the results speak for themselves.

ğŸ¤” How do you make meaningful connections at events?

#Networking #Conferences #Entrepreneur",2025-02-20 18:00:13,17
https://www.linkedin.com/posts/sean-goldfaden_paidads-2025goals-arr-activity-7280251436909666305-qIzc?utm_source=social_share_send&utm_medium=member_desktop_web&rcm=ACoAAFuChn8BZSe--ZFTk-FlxhrHCt_ei--VXrA,"ğŸ‰ 2025 will be MASSIVE!

ğŸ’° Our Goal? $10M ARR!!!

(as a bootstrapped startup!)

Hereâ€™s the game plan:

Since 2015, weâ€™ve scaled startups with #PaidAds.

In 2022, we launched our UGC Video Bundles.

Weâ€™ve had over 900 companies sign-up.

Recentlyâ€”we discovered a new customer:

ğŸ“ˆ Advertising & Performance Agencies.

(just like us)

1ï¸âƒ£ Agencies need UGC videos to sell
2ï¸âƒ£ Our software makes this very easy
3ï¸âƒ£ So we white-labeled it

Now Agencies can sell UGC Videos

(with actors instead of influencers).

They do it under their own name.

CoEfficient Labs makes the videos (behind-the-scenes).

Hereâ€™s the math:

100 agencies â†’ 7-10 clients each â†’ $10M ARR.

ğŸ“±Â Stay tunedâ€”weâ€™re documenting our journey.

ğŸ†Â 2025 starts today. Letâ€™s hit $10M ARR together!

ğŸ¤” Whatâ€™s your goal for 2025?

#2025Goals #ARR #UGCVideos #MarketingAgencies #StartupGrowth",2025-01-01 17:00:03,17
https://www.linkedin.com/posts/sean-goldfaden_does-anyone-know-of-an-amazing-one-sheet-activity-7203509261086130177-dK3u?utm_source=social_share_send&utm_medium=member_desktop_web&rcm=ACoAAFuChn8BZSe--ZFTk-FlxhrHCt_ei--VXrA,"Does anyone know of an AMAZING One-Sheet Designer?

They can also be great at making Decks / Presentation Design.

Please tag them below ğŸ‘‡ğŸ»",2024-06-03 23:34:02,17
https://www.linkedin.com/posts/sean-goldfaden_vc-venturecapital-startup-activity-6997974819665285120-Vqb-?utm_source=social_share_send&utm_medium=member_desktop_web&rcm=ACoAAFuChn8BZSe--ZFTk-FlxhrHCt_ei--VXrA,"Thank you so much Marlon C. Nichols for joining us on Demo Day!

On today's episode, we discuss:
- Advice for aspiring venture capitalists
- How to choose the right VC to work with
- MaC Venture Capital's thesis on cultural investing

Full episode ğŸ”— down below! 

#vc #venturecapital #startup #podcast",2022-11-14 18:33:33,17
https://www.linkedin.com/posts/sean-goldfaden_ugcvideos-startup-smallbusiness-activity-7287854041504628737-F3O8?utm_source=social_share_send&utm_medium=member_desktop_web&rcm=ACoAAFuChn8BZSe--ZFTk-FlxhrHCt_ei--VXrA,"Jesse Itzler dropped this ğŸ’£Â (and it stuck)

â€œThe things that make the biggest difference in your business will not be in your business plan.â€

And thatâ€™s exactly what happened with CoEfficient Labs.

We started with a clear missionâ€”

ğŸ“ˆÂ To scale venture-backed startups with paid ads.

But a few years ago, something unexpected happened:

Amid our growth â€” we found a certain type of creative working much better than every other type of ad we launched.

ğŸš€ UGC videos.

At first, we started making them to help our clients.

But as it turns out, UGC wasnâ€™t just a pivotâ€”it was a game changer.

Fast forward to today and our UGC Video Bundles have turned CoEfficient Labs into a multi-million dollar company.

The lesson?

Stay open to the unexpected.

ğŸ’¡Â The opportunities you never planned for might be the ones that change everything.

ğŸ¤” Whatâ€™s the opportunity that changed your life?

#UGCVideos #Startup #SmallBusiness #JesseItzler #Entrepreneurship",2025-01-22 16:30:05,16
https://www.linkedin.com/posts/sean-goldfaden_subsummit2025-subsummit-dtc-activity-7336110656061919233-Tcyd?utm_source=social_share_send&utm_medium=member_desktop_web&rcm=ACoAAFuChn8BZSe--ZFTk-FlxhrHCt_ei--VXrA,"As we were getting kicked outâ€¦
We HAD to ask one more question:
Whatâ€™s the point of going to events like these?

- This is how you meet people on a deeper level
- People do business with people
- Personal relationships are key to any business relationship
- Itâ€™s a great place to gain industry knowledge

Shoutout to our great interviewees:
- Nickeytha Ramsey @ Junobie, LLC
- Hemant Varshney @ DigiCom (Digital Commerce Corporation)
- Mike Constandatos, MBA @ DigiCom (Digital Commerce Corporation)
- Greg Johnston @ Fastr
- Allison Spalaris @ Vellabox

ğŸ¥ Watch the video for the full vibe ğŸ‘‡

#SubSummit2025 #SubSummit #DTC #UGC #Networking #SubscriptionEconomy #ContentMarketing #Subscriptions",2025-06-04 21:24:38,16
https://www.linkedin.com/posts/sean-goldfaden_affiliatesummitwest-activity-7292368588999430145-jc4c?utm_source=social_share_send&utm_medium=member_desktop_web&rcm=ACoAAFuChn8BZSe--ZFTk-FlxhrHCt_ei--VXrA,"Ezra FirestoneÂ just droppedÂ ğŸ”¥

#AffiliateSummitWest

Check out my favorite things he covered in the video below â¤µï¸

Special shout out to our new friends!

First crew we met at the conference!

ğŸŸ¢ Arianna Rose
ğŸŸ¢ Ben Souza
ğŸŸ¢ Patrick Petteruti
ğŸŸ¢ Casey McNulty
ğŸŸ¢ Martina Mitchell",2025-02-04 03:29:17,15
https://www.linkedin.com/posts/sean-goldfaden_the-right-investor-changes-everything-activity-7273381772405489664-PpZf?utm_source=social_share_send&utm_medium=member_desktop_web&rcm=ACoAAFuChn8BZSe--ZFTk-FlxhrHCt_ei--VXrA,"ğŸ’¡ The right investor changes everything.

Hereâ€™s what top founders and VCâ€™s said:

What does it take to secure funding?

ğŸ§  David B. - ""How are you solving the problem?""

ğŸ§  Petra Griffith - ""Whatâ€™s your unique angle?""

ğŸ§  Michael Silton - ""How capital efficient are you?""

Funding isnâ€™t just about getting a check.

Itâ€™s about finding the right connections.

Look for investors who:

1ï¸âƒ£Â Have been in your seat (Anuj Bhalla)

2ï¸âƒ£ You enjoy working with (Taylor Rothchild)

Itâ€™s important to trust the people you work with.

Trust builds speed.

Startups need speed to learn fast, fail fast.

And succeed faster!

ğŸ¤” What is your #1 tip for raising capital?",2024-12-13 18:02:27,15
https://www.linkedin.com/posts/sean-goldfaden_videos-conversion-demandgen-activity-7013291390931529728-oL4P?utm_source=social_share_send&utm_medium=member_desktop_web&rcm=ACoAAFuChn8BZSe--ZFTk-FlxhrHCt_ei--VXrA,"Looking for a lot of #videos in 2023? 

ğŸ’¥ 25-TikTok Style Videos for only $4kğŸ’¥ (see how it works)

*Prices back to $10k on Jan 1st (free to book in comments)

What's included ğŸ‘‡ğŸ»
-25-TikTok Style Videos (using top trends)
-Actor & Actress Included
-Scripts & Film Studio Provided

*Videos are built for #conversion & #demandgen 

*Grab a FREE booking slot (link in comments)

#ecommerce #saas #vc #venturecapital",2022-12-27 00:56:08,14
https://www.linkedin.com/posts/sean-goldfaden_advanced-asw2025-activity-7292277867374092288-6hLu?utm_source=social_share_send&utm_medium=member_desktop_web&rcm=ACoAAFuChn8BZSe--ZFTk-FlxhrHCt_ei--VXrA,"Day 1 and CoEfficient Labs is already on the grind!

We started our Affiliate Summit West experience by attending the Run Club.

Not only did we get a workout in - we also met some great people!

Kaylee N. thanks for the #advanced tips on #ASW2025 

William Schubert it was nice to meet you while running!

Shoutout to Iron Sungchul Shin for finishing strong with us!

Rowan J. - we love you brother. Thanks for the coffee â˜•",2025-02-03 21:28:47,14
https://www.linkedin.com/posts/sean-goldfaden_ugc-digitalmarketing-socialmediamarketing-activity-7316490230587346944-LUDJ?utm_source=social_share_send&utm_medium=member_desktop_web&rcm=ACoAAFuChn8BZSe--ZFTk-FlxhrHCt_ei--VXrA,"ğŸš¨ AGENCIES: Youâ€™ve Been Warned âš ï¸

If youâ€™re still hiring influencers to create your #UGC...

you might be throwing your money away.

Iâ€™m not here to hate on influencersâ€¦ they absolutely have their place in the marketing world.

But when it comes to scalable, high-converting UGC â€” thereâ€™s a better way.

A way that keeps more money in your pocket and delivers content that actually moves the needle.

ğŸ‘‡ Watch the full breakdown here:

https://lnkd.in/gkXFiPbG

#digitalmarketing #socialmediamarketing #adagency #ugcmarketing #performancecreative",2025-04-11 18:00:04,14
https://www.linkedin.com/posts/sean-goldfaden_latechweek-emergingmanagers-demoday-activity-7079868934132273153-DFAT?utm_source=social_share_send&utm_medium=member_desktop_web&rcm=ACoAAFuChn8BZSe--ZFTk-FlxhrHCt_ei--VXrA,"The TopÂ #LATechWeekÂ Event for Emerging Managers:

Watertower VenturesÂ by the great Derek Norton!

Mind = Blown ğŸš€

This was the 2nd year Watertower Ventures hosted theirÂ #EmergingManagersÂ Breakfast and they totally outdid themselves!

I mean look at these panelists:

ğŸŸ¢Â Mark MullenÂ |Â Bonfire Ventures ğŸ”¥
ğŸŸ¢Â Dana Settle |Â Greycroft 
ğŸŸ¢Â William HsuÂ |Â Mucker Capital 
ğŸŸ¢Â Mark Suster |Â Upfront Ventures
ğŸŸ¢Â Eva HoÂ |Â Fika Ventures 
ğŸŸ¢Â Will CoffieldÂ |Â Riot Ventures
ğŸŸ¢Â Minnie IngersollÂ |Â TenOneTen Ventures
ğŸŸ¢Â Adam B. StruckÂ |Â Struck Capital

Talk about a Tuesday morning ğŸ‘

Special shoutout to Derek Norton, Jeremy Milken, Ana Carolina Scalercio, Idan Levy, and the rest of the Watertower VenturesÂ Team for bringing everyone together, as well asÂ Gunderson Dettmer, Mercury, Zendesk, & Full Stack FinanceÂ for sponsoring the event!

I had the pleasure to see many of our awesome CoEfficient LabsÂ clients andÂ #DemoDayÂ Guests.

If you were at the event too, let's connect and keep the conversation going!

I'mÂ Sean Goldfaden

And this...

IsÂ #LATechWeek!

*Stay tuned for theÂ Amplify.LA / Fika Ventures / MaC Venture Capital / and Bling CapitalÂ Event coming up next for our Top Rooftop Party Award!",2023-06-28 19:11:31,13
https://www.linkedin.com/posts/sean-goldfaden_linkedin-linkedinads-demandgen-activity-7013155229739216897-EFTX?utm_source=social_share_send&utm_medium=member_desktop_web&rcm=ACoAAFuChn8BZSe--ZFTk-FlxhrHCt_ei--VXrA,"Scaling #LinkedIn Ads 101.

Don't oversimplify it.

I know, crazy. Most say â€œdonâ€™t overcomplicate itâ€ (read on) ğŸ‘‡ğŸ»

Hereâ€™s a few things to keep in mind:

1. Linkedin is 100% a different Ad Platform than it was in 2014
2. B2B has seen massive consumerization (look at landing page designs today)
3. The best targeting options on Meta, TikTok, and Google now live in #LinkedinAds

And even with these changes...

Iâ€™m still seeing Series-A, Series-B, and even Series-C companies using the most basic approaches to their #DemandGen strategy.

Does this look familiar?

- Promote an E-book or Webinar
- Offer $100 for ppl to jump on a Demo
- Let the same ads run for months at a time

I audited over 200 portfolio companies this year from the best VCâ€™s in LA and SF, and over 60% of those #B2B companies are still using less than 7 ad creatives in their whole campaign structure.

This is TOO SIMPLE.

If you want to accomplish results that no other team is getting.

You sure as hell better be testing experiments no other team is doing.

Now, do you need to make things super complicated with â€˜Lead Scoring?â€™

No.

Do you need to have a programmatic bidding strategy?

No.

But come on everyone.

Weâ€™re heading into 2023.

Step up your game.

â¤ï¸",2022-12-26 15:55:04,13
https://www.linkedin.com/posts/sean-goldfaden_ecommerce-subscriptions-subsummit2025-activity-7335368709198282754--Afy?utm_source=social_share_send&utm_medium=member_desktop_web&rcm=ACoAAFuChn8BZSe--ZFTk-FlxhrHCt_ei--VXrA,"Giant dancing robots, an open barâ€¦
LIVE Music from Mike Posner!! 
What the heck just happened at SubSummit?!? ğŸ‘‡ğŸ»

In between all the chaos, we asked founders & marketers:

â€œWhat was your biggest takeaway from SubSummit 2025?â€

The answers? ğŸ”¥

Special shout out to our closing night interviewees:

Jeremy Foreshew @ Talkable
Sanika Lahane

SubSummit â€” THANK YOU.

This was the best conference weâ€™ve been to all year.
For anyone in #ECommerce & #Subscriptionsâ€¦
This is a MUST in 2026!

10/10 Recommend!

ğŸ¥ Watch the video for the full afterparty energy ğŸ‘‡

#SubSummit2025 #Conference #DTC #ContentMarketing #UGC #SubscriptionEconomy",2025-06-02 20:16:24,12
https://www.linkedin.com/posts/sean-goldfaden_how-we-got-400-high-quality-leads-from-just-activity-7305256208175689729-e7ul?utm_source=social_share_send&utm_medium=member_desktop_web&rcm=ACoAAFuChn8BZSe--ZFTk-FlxhrHCt_ei--VXrA,"How we got 400+ High Quality Leads from just 1 Conference:
Save this video (step-by-step process) ğŸ‘‡ğŸ»

ğŸ” Repost & help a friend",2025-03-11 17:00:05,12
https://www.linkedin.com/posts/sean-goldfaden_tiktokstrategy-ecommercegrowth-socialcommerce-activity-7277035304648065024-uinY?utm_source=social_share_send&utm_medium=member_desktop_web&rcm=ACoAAFuChn8BZSe--ZFTk-FlxhrHCt_ei--VXrA,"ğŸ’¡ TikTok Shop (letâ€™s dig-in)

From the Digital Director of Liquid Death herselfğŸ‘‡ğŸ»
Big shout out to Natalie Cotter (May)!

â€œTikTok blends creativity and commerce.â€

Itâ€™s not just for awarenessâ€”it drives conversions too.

ğŸ›ï¸ Why TikTok Shops?

1ï¸âƒ£ Massive Reach

2ï¸âƒ£ Utilize Creators to Promote Your Store

3ï¸âƒ£ Simple Checkout & High Conversion Rates

Hereâ€™s what works for TikTok Shop:

ğŸ§  â€UGCâ€ or â€œUser-Generated Contentâ€

And itâ€™s what we specialize in at CoEfficient Labs.

The best time to start was yesterday.

ğŸ¯Â The second best time is today.

âœ‹Â Comment â€œUGCâ€ to get free UGC video scripts!

#TikTokStrategy #EcommerceGrowth #SocialCommerce #ContentMarketing #BusinessGrowth",2024-12-23 20:00:17,12
https://www.linkedin.com/posts/sean-goldfaden_coefficient-labs-is-at-affiliate-summit-west-activity-7292261171875786753-x3Hb?utm_source=social_share_send&utm_medium=member_desktop_web&rcm=ACoAAFuChn8BZSe--ZFTk-FlxhrHCt_ei--VXrA,"CoEfficient Labs is at Affiliate Summit West!!

We're pumped to meet everyone and form new business connections.

Here's our tips for getting the best ROI out of your convention trips â¤µï¸

Are you attending? Shoot a DM and let's meet up! ğŸ‘Š",2025-02-03 20:22:27,12
https://www.linkedin.com/posts/sean-goldfaden_latechweek-activity-7270844552452665344-BJ_X?utm_source=social_share_send&utm_medium=member_desktop_web&rcm=ACoAAFuChn8BZSe--ZFTk-FlxhrHCt_ei--VXrA,"ğŸ’¡ Your business is only as strong as your team.

At #LATechWeek, we asked founders and VCs:

Whatâ€™s the key to building a great team?

Hereâ€™s what they said:

â†’ ""Hire people who think like founders.""
â†’ ""Leaders empower, not micromanage.""
â†’ ""Share your vision and be authentic.â€

The right hires donâ€™t just work for you.

They build with you.

So, ask yourself:

ğŸ¤”Â How can I help each member of my team hit their goals?

ğŸ¥ Watch the video below for the top hiring insights.",2024-12-06 18:00:27,12
https://www.linkedin.com/posts/sean-goldfaden_conferences-can-be-overwhelming-as-f-activity-7333952681457188864-DOBn?utm_source=social_share_send&utm_medium=member_desktop_web&rcm=ACoAAFuChn8BZSe--ZFTk-FlxhrHCt_ei--VXrA,"Conferences can be overwhelming as f***!
Hereâ€™s how to get the most value from themğŸ‘‡ğŸ»

1. Map your plan BEFORE the event
2. Know which ppl you absolutely want to talk with
3. Find brands you can partner with
4. Even if you donâ€™t sell â€” awareness breeds awareness!
5. Get over your fear â€” say f*** it â€” and introduce yourself!

Special shout out to our wonderful interviewees!
-Jake Tlapek @ Finch
-Ian Myers ğŸŒŠ @ Oceans
-Eliott Khodari @ Curate to Create Manufacturing

SubSummit - we love you guys!

Christopher George - such an epic event! Thanks man ğŸ‘ŠğŸ»",2025-05-29 22:29:37,11
https://www.linkedin.com/posts/sean-goldfaden_my-ninth-upfront-summit-is-in-the-books-activity-7303539377987588097-4V6M?utm_source=social_share_send&utm_medium=member_desktop_web&rcm=ACoAAFuChn8BZSe--ZFTk-FlxhrHCt_ei--VXrA,"They say it takes a village.
At #UpfrontSummit -- it's a whole community.

Kerry Bennett & her team of Avengers (shout out Mayu Kataoka!) make the impossible happen every year! 

Whether it's the Rosebowl or the Intuit Dome -- they outshine themselves year after year and bring the absolute best people together in all of Tech.

The speakers are beyond world-class.

The guests are vibrant and optimistic.

And the venue is always top-notch (usually breathtaking!).

It's an honor to be included in such a fantastic group.

Mark Suster - you guys are the north star for throwing a great party!

Thanks for making it happen Upfront Ventures!

â¤ï¸",2025-03-06 23:18:00,11
https://www.linkedin.com/posts/sean-goldfaden_b2bmarketing-networkingstrategy-affiliatesummitwest-activity-7317924738406694912-Nvhm?utm_source=social_share_send&utm_medium=member_desktop_web&rcm=ACoAAFuChn8BZSe--ZFTk-FlxhrHCt_ei--VXrA,"How we got 400+ Leads at our last conference ğŸ‘‡

At Affiliate Summit West, we walked out with 400+ new leads â€” and no, it wasnâ€™t luck.

It started with a simple goal:

ğŸ¯ 100 meaningful conversations each â€” broken down by day, and even by hour.

Instead of just ""seeing who weâ€™d run into,"" we set a plan:

â€¢ 10 convos before lunch
â€¢ 10 convos before dinner
â€¢ 10 convos before bed

Big goals feel less overwhelming when you break them into small wins.

And thatâ€™s the key to making the most out of conferences.

Set your goal before you walk in â€” then reverse-engineer the path to hit it.

Check out the full video here: https://lnkd.in/gZBuCPB9

#B2BMarketing #NetworkingStrategy #AffiliateSummitWest #ConferenceTips #GrowthMarketing",2025-04-15 17:00:18,11
https://www.linkedin.com/posts/sean-goldfaden_demoday-podcast-vc-activity-6992890185923358720-cY6n?utm_source=social_share_send&utm_medium=member_desktop_web&rcm=ACoAAFuChn8BZSe--ZFTk-FlxhrHCt_ei--VXrA,"In our newest Demo Day episode featuring Derek Norton from Watertower Ventures, we discuss:

- Advice on working with your friends
- The truth about transitioning from entrepreneurship to VC
- The necessity of in-person events in the startup and VC ecosystem

Podcast linked in the comments ğŸ‘‡

#demoday #podcast #vc #startup",2022-10-31 17:49:01,11
https://www.linkedin.com/posts/sean-goldfaden_100mleads-activity-7275200761511268352-fdTE?utm_source=social_share_send&utm_medium=member_desktop_web&rcm=ACoAAFuChn8BZSe--ZFTk-FlxhrHCt_ei--VXrA,"ğŸ’¡ If you're not growing, you're dying!

ğŸ§ Â There are 3 core pillars in scaling a startup.

ğŸ—£ï¸ Lead Generation â€“ Getting Leads! 

ğŸ’¸ Sales â€“ Turning Leads Into Customers!

âœ… Fulfillment â€“ Delivering on Your Promise!

But before you can sell or fulfill, you need LEADS.

As Alex Hormozi explains in his book #100MLeads,

There are 4 methods to generate them:

1ï¸âƒ£ Cold Outreach â€“ Connecting w/ Strangers

2ï¸âƒ£ Warm Outreach â€“ Connecting w/ Ppl You Know

3ï¸âƒ£ Social Media â€“ Content for your Target Buyers

4ï¸âƒ£ Paid Ads â€“ Ads to Reach & Retarget Leads

Mastering these methods fuels your sales engine.

Without them, your pipeline runs dry.

And you canâ€™t scale the business.

At CoEfficient Labs â€” 

ğŸ“ˆÂ Weâ€™re iterating on each of ""The Core 4""

ğŸš€Â Every - single - week!

ğŸ¤” Whatâ€™s your best lead gen channel?

Comment ğŸ”‘:
a  = cold outreach
b = warm outreach
c = social media
d = paid ads",2024-12-18 18:30:28,10
